K,n_prime_count,n_composite_count,mean_omega_when_n_prime,mean_omega_when_n_composite,difference,predicted,relative_error
10000000,3562113,16437887,2.899614638839363,2.794437630578675,0.10517700826068799,0.10636294523498445,0.01114990725084198
