K,n_prime_count,n_composite_count,mean_omega_when_n_prime,mean_omega_when_n_composite,difference,predicted,relative_error
100000000,31324702,168675298,3.023790553538227,2.9175134405276104,0.10627711301061638,0.10636294523498445,0.000806974874364819
