N,n_prime_count,n_composite_count,mean_omega_when_n_prime,mean_omega_when_n_composite,difference,predicted,relative_error
1000000000,50847534,949152465,3.0827214550857076,2.8252712929529187,0.25745016213278893,0.2730296119016511,0.05706139220706247
