{
  "K": 10000000,
  "N": 60000001,
  "log_log_N": 2.8853511276453276,
  "n_pc": 1500681,
  "n_cc": 6718444,
  "mean_pc": 2.718429166491746,
  "mean_cc": 2.6402320239626915,
  "mean_diff": 0.07819714252905463,
  "mean_diff_predicted": 0.0828,
  "var_pc": 0.5896692215813857,
  "var_cc": 0.5339779857791104,
  "var_diff": 0.05569123580227531,
  "var_ratio": 1.1042950033249366,
  "var_shift_predicted": 0.07243439417512938,
  "std_pc": 0.7678992261888181,
  "std_cc": 0.7307379734070965,
  "skew_pc": 0.7893522498103609,
  "skew_cc": 0.8782485587136717,
  "kurt_pc": -0.013686477811254427,
  "kurt_cc": 0.13752681637553943,
  "erdos_kac_mean": 2.8853511276453276,
  "erdos_kac_var": 2.8853511276453276,
  "ks_pc_stat": 0.3177824037317194,
  "ks_pc_pvalue": 0.0,
  "ks_cc_stat": 0.34723766727331784,
  "ks_cc_pvalue": 0.0,
  "ks_pc_emp_stat": 0.28083042934640373,
  "ks_pc_emp_pvalue": 0.0,
  "ks_cc_emp_stat": 0.30779319054355436,
  "ks_cc_emp_pvalue": 0.0,
  "bins": [
    0,
    1,
    2,
    3,
    4,
    5,
    6,
    7
  ],
  "prob_pc": [
    0.0,
    0.0001525973874527631,
    0.4554232378500161,
    0.3891126761783484,
    0.1369984693615765,
    0.01778059427686497,
    0.0005317585816039518,
    6.663641373483106e-07
  ],
  "prob_cc": [
    0.0,
    0.00012249860235495004,
    0.49814644581394146,
    0.37587483054111936,
    0.11339709015956671,
    0.012151176671264953,
    0.00030780936776432163,
    1.4884398828061973e-07
  ]
}