{
  "K": 100000000,
  "N": 600000001,
  "log_log_N": 3.0062982670681566,
  "n_pc": 13496565,
  "n_cc": 70841598,
  "mean_pc": 2.8170931640754517,
  "mean_cc": 2.736598078998726,
  "mean_diff": 0.08049508507672565,
  "mean_diff_predicted": 0.0828,
  "var_pc": 0.6829868419948187,
  "var_cc": 0.6235882910753032,
  "var_diff": 0.059398550919515514,
  "var_ratio": 1.0952528323087816,
  "var_shift_predicted": 0.07243439417512938,
  "std_pc": 0.8264301797458868,
  "std_cc": 0.7896760671790067,
  "skew_pc": 0.7539385334061653,
  "skew_cc": 0.8287325782434376,
  "kurt_pc": -0.012063733570669921,
  "kurt_cc": 0.10969321347589345,
  "erdos_kac_mean": 3.0062982670681566,
  "erdos_kac_var": 3.0062982670681566,
  "ks_pc_stat": 0.3047486589057669,
  "ks_pc_pvalue": 0.0,
  "ks_cc_stat": 0.3366636124283607,
  "ks_cc_pvalue": 0.0,
  "ks_pc_emp_stat": 0.25219512427169005,
  "ks_pc_emp_pvalue": 0.0,
  "ks_cc_emp_stat": 0.2770787875769078,
  "ks_cc_emp_pvalue": 0.0,
  "bins": [
    0,
    1,
    2,
    3,
    4,
    5,
    6,
    7
  ],
  "prob_pc": [
    0.0,
    4.186250353330644e-05,
    0.4135577459894425,
    0.3896998977147148,
    0.16460025199004338,
    0.030189237039202198,
    0.0018881100487420318,
    2.2894714321755204e-05
  ],
  "prob_cc": [
    0.0,
    3.214213208459809e-05,
    0.4525121101870119,
    0.382670207411188,
    0.14157399442062274,
    0.022044689054021623,
    0.0011563262590434508,
    1.053053602771637e-05
  ]
}